element,ion_stage,wavelength_nm,wavelength_medium,wavelength_kind,relative_intensity,flags,source_id
H,1,410.174,vacuum,observed,30,,demo_fixture
H,1,434.047,vacuum,observed,45,,demo_fixture
H,1,486.135,vacuum,observed,80,,demo_fixture
H,1,656.281,vacuum,observed,100,,demo_fixture
He,1,388.865,vacuum,observed,55,,demo_fixture
He,1,447.148,vacuum,observed,70,,demo_fixture
He,1,501.568,vacuum,observed,42,,demo_fixture
He,1,587.562,vacuum,observed,100,,demo_fixture
He,1,667.815,vacuum,observed,35,,demo_fixture
Na,1,568.263,vacuum,observed,24,,demo_fixture
Na,1,568.821,vacuum,observed,35,,demo_fixture
Na,1,589.000,vacuum,observed,100,,demo_fixture
Na,1,589.592,vacuum,observed,80,,demo_fixture
Mg,1,383.230,vacuum,observed,35,,demo_fixture
Mg,1,383.829,vacuum,observed,45,,demo_fixture
Mg,1,516.733,vacuum,observed,55,,demo_fixture
Mg,1,517.268,vacuum,observed,100,,demo_fixture
Mg,1,518.362,vacuum,observed,80,,demo_fixture
Ca,1,393.366,vacuum,observed,90,,demo_fixture
Ca,1,396.847,vacuum,observed,100,,demo_fixture
Ca,1,422.673,vacuum,observed,75,,demo_fixture
Ca,1,612.222,vacuum,observed,30,,demo_fixture
Ca,1,616.217,vacuum,observed,25,,demo_fixture
Fe,1,404.582,vacuum,observed,45,,demo_fixture
Fe,1,427.176,vacuum,observed,55,,demo_fixture
Fe,1,438.354,vacuum,observed,100,,demo_fixture
Fe,1,495.760,vacuum,observed,35,,demo_fixture
Fe,1,526.955,vacuum,observed,80,,demo_fixture
Fe,1,532.804,vacuum,observed,50,,demo_fixture
